Alex Len,-1,-1,-1,1.24436429216,2015-2016,PHO,23,C,22,78,46,1821,264,624,0.423,1,7,0.143,263,617,0.426,0.424,174,239,0.728,178,416,594,97,38,62,145,230,703,
Rudy Gay,-1,-1,1.19791666667,0.933273219116,2015-2016,SAC,33,SF,29,70,70,2379,466,1007,0.463,74,215,0.344,392,792,0.495,0.5,198,254,0.78,103,353,456,120,100,51,139,184,1204,
Ish Smith,0.6,-1,0.958333333333,0.746618575293,2015-2016,PHI,10,PG,27,50,50,1622,299,739,0.405,46,137,0.336,253,602,0.42,0.436,89,133,0.669,29,184,213,348,64,18,130,95,733,
Jon Leuer,-1,-1,-1,1.24436429216,2015-2016,PHO,23,PF,26,67,27,1255,224,466,0.481,42,110,0.382,182,356,0.511,0.526,77,101,0.762,76,297,373,72,38,30,75,125,567,
Luol Deng,0.375,-1,2.6953125,0.388863841298,2015-2016,MIA,48,PF,30,74,73,2394,339,746,0.454,88,257,0.342,251,489,0.513,0.513,145,192,0.755,108,335,443,140,74,29,81,122,911,
Pau Gasol,1.14705882353,0.287045511274,0.281862745098,0.51238529677,2015-2016,CHI,42,C,35,72,72,2291,467,995,0.469,24,69,0.348,443,926,0.478,0.481,229,289,0.792,155,638,793,294,42,146,164,148,1187,
Ty Lawson,-1,0.731966053748,0.598958333333,0.622182146078,2015-2016,HOU,41,PG,28,53,12,1176,111,287,0.387,31,94,0.33,80,193,0.415,0.441,56,80,0.7,20,69,89,180,43,6,82,71,309,
Al Horford,0.5,0.650636492221,-1,0.622182146078,2015-2016,ATL,48,C,29,82,82,2631,529,1048,0.505,88,256,0.344,441,792,0.557,0.547,103,129,0.798,148,448,596,263,68,122,107,163,1249,
Alonzo Gee,-1,1.95190947666,-1,-1,2015-2016,NOP,30,SF,28,73,38,1632,132,255,0.518,17,60,0.283,115,195,0.59,0.551,44,66,0.667,60,185,245,72,63,13,55,169,325,
Boris Diaw,1.5,0.650636492221,-1,0.207394048693,2015-2016,SAS,67,PF,33,76,4,1386,202,383,0.527,25,69,0.362,177,314,0.564,0.56,56,76,0.737,58,175,233,176,26,21,97,102,485,
Chris Bosh,0.162162162162,0.15826293054,-1,1.07620695538,2015-2016,MIA,48,PF,31,53,53,1778,358,767,0.467,81,222,0.365,277,545,0.508,0.52,213,268,0.795,48,342,390,128,36,34,78,101,1010,
Chris Paul,1.63636363636,-1,0.435606060606,0.452496106238,2015-2016,LAC,53,PG,30,74,74,2420,515,1114,0.462,122,329,0.371,393,785,0.501,0.517,294,328,0.896,39,271,310,738,152,13,194,185,1446,
Jeremy Lin,0.315789473684,0.154098116579,-1,1.01513929097,2015-2016,CHO,48,SG,27,78,13,2048,300,728,0.412,76,226,0.336,224,502,0.446,0.464,238,292,0.815,42,211,253,235,58,42,150,165,914,
Joe Ingles,-1,0.487977369165,1.19791666667,0.622182146078,2015-2016,UTA,40,SF,28,81,2,1241,124,291,0.426,81,210,0.386,43,81,0.531,0.565,13,18,0.722,19,132,151,96,55,4,65,98,342,
Kevin Love,0.705882352941,0.574091022548,-1,0.585583196308,2015-2016,CLE,57,PF,27,77,77,2424,409,977,0.419,158,439,0.36,251,538,0.467,0.499,258,314,0.822,149,613,762,186,58,41,142,159,1234,
Kyle Lowry,-1,-1,1.19791666667,0.933273219116,2015-2016,TOR,56,PG,29,77,77,2851,512,1198,0.427,212,547,0.388,300,651,0.461,0.516,398,491,0.811,55,310,365,494,158,34,225,211,1634,
Luis Scola,2.36842105263,0.205464155438,-1,0.130985714964,2015-2016,TOR,56,PF,35,76,76,1636,269,598,0.45,65,161,0.404,204,437,0.467,0.504,61,84,0.726,84,276,360,66,46,27,68,178,664,
Marc Gasol,0.857142857143,-1,1.02678571429,0.622182146078,2015-2016,MEM,42,C,31,52,52,1791,328,707,0.464,2,3,0.667,326,704,0.463,0.465,203,245,0.829,58,304,362,196,50,70,118,141,861,
Randy Foye,-1,0.975954738331,-1,0.622182146078,2015-2016,DEN,33,SG,32,54,7,1070,117,333,0.351,50,169,0.296,67,164,0.409,0.426,39,47,0.83,16,89,105,112,26,16,58,83,323,
Taj Gibson,-1,-1,-1,1.24436429216,2015-2016,CHI,42,PF,30,73,55,1936,263,501,0.525,0,3,0,263,498,0.528,0.525,101,146,0.692,206,298,504,106,47,77,78,180,627,
Tim Duncan,0.779220779221,0.329543158397,0.248917748918,0.646423008912,2015-2016,SAS,67,C,39,61,60,1536,215,441,0.488,0,2,0,215,439,0.49,0.488,92,131,0.702,115,332,447,163,47,78,90,125,522,
Trey Burke,0.333333333333,0.43375766148,2.23611111111,0.248872858431,2015-2016,UTA,40,PG,23,64,0,1366,262,634,0.413,88,256,0.344,174,378,0.46,0.483,67,82,0.817,18,94,112,148,35,6,80,86,679,
Aron Baynes,-1,1.95190947666,-1,-1,2015-2016,DET,44,C,29,81,1,1233,194,384,0.505,0,2,0,194,382,0.508,0.505,126,165,0.764,140,244,384,51,21,52,67,151,514,
Brook Lopez,-1,-1,-1,1.24436429216,2015-2016,BRK,21,C,27,73,73,2457,591,1157,0.511,2,14,0.143,589,1143,0.515,0.512,317,403,0.787,204,369,573,147,58,124,175,215,1501,
Cody Zeller,-1,1.171145686,0.958333333333,0.248872858431,2015-2016,CHO,48,C,23,73,60,1774,231,437,0.529,1,10,0.1,230,427,0.539,0.53,175,232,0.754,138,317,455,71,57,63,68,204,638,
Cory Joseph,0.4,0.650636492221,-1,0.663660955816,2015-2016,TOR,56,SG,24,80,4,2046,257,585,0.439,30,110,0.273,227,475,0.478,0.465,133,174,0.764,39,171,210,250,63,20,102,131,677,
Dwyane Wade,0.762711864407,0.29774890322,0.243644067797,0.674909446593,2015-2016,MIA,48,SG,34,74,73,2258,540,1183,0.456,7,44,0.159,533,1139,0.468,0.459,322,406,0.793,82,220,302,344,79,42,203,116,1409,
Enes Kanter,2.5,-1,-1,0.207394048693,2015-2016,OKC,55,C,23,82,1,1721,414,719,0.576,10,21,0.476,404,698,0.579,0.583,200,251,0.797,249,415,664,33,26,33,115,166,1038,
Eric Gordon,-1,-1,1.796875,0.777727682597,2015-2016,NOP,30,SG,27,45,44,1481,231,552,0.418,113,294,0.384,118,258,0.457,0.521,111,125,0.888,10,89,99,121,43,14,73,98,686,
Evan Turner,0.230769230769,0.45044064846,1.84294871795,0.382881320663,2015-2016,BOS,48,SG,27,81,12,2271,343,753,0.456,20,83,0.241,323,670,0.482,0.469,148,179,0.827,50,347,397,359,80,28,169,139,854,
Gary Harris,0.75,0.975954738331,1.19791666667,-1,2015-2016,DEN,33,SG,21,76,76,2439,359,765,0.469,105,297,0.354,254,468,0.543,0.538,109,133,0.82,54,166,220,147,97,18,98,143,932,
Ian Mahinmi,-1,1.95190947666,-1,-1,2015-2016,IND,45,C,29,71,71,1816,264,448,0.589,0,0,,264,448,0.589,0.589,132,225,0.587,138,369,507,104,65,75,100,220,660,
Jae Crowder,-1,-1,-1,1.24436429216,2015-2016,BOS,48,SF,25,73,73,2308,360,813,0.443,122,363,0.336,238,450,0.529,0.518,196,239,0.82,70,303,373,135,126,35,83,198,1038,
Jason Terry,-1,1.35132194538,1.10576923077,0.0957203301658,2015-2016,HOU,41,SG,38,72,7,1258,151,376,0.402,93,261,0.356,58,115,0.504,0.525,27,33,0.818,14,65,79,103,47,9,49,91,422,
Jeremy Lamb,-1,0.650636492221,-1,0.82957619477,2015-2016,CHO,48,SG,23,66,0,1227,230,510,0.451,56,181,0.309,174,329,0.529,0.506,64,88,0.727,44,208,252,77,42,30,50,105,580,
Kobe Bryant,0.772058823529,0.229636409019,0.281862745098,0.704529783058,2015-2016,LAL,17,SF,37,66,66,1863,398,1113,0.358,133,467,0.285,265,646,0.41,0.417,232,281,0.826,41,206,247,184,62,13,129,115,1161,
Kyle Korver,0.75,-1,0.399305555556,0.82957619477,2015-2016,ATL,48,SG,34,80,80,2401,268,616,0.435,158,397,0.398,110,219,0.502,0.563,45,54,0.833,14,246,260,164,60,35,98,161,739,
Lavoy Allen,-1,0.532338948181,-1,0.904992212476,2015-2016,IND,45,PF,26,79,28,1599,191,370,0.516,0,0,,191,370,0.516,0.516,46,73,0.63,162,262,424,76,26,42,69,147,428,
Matt Barnes,-1,-1,1.19791666667,0.933273219116,2015-2016,MEM,42,SF,35,76,45,2190,264,693,0.381,119,370,0.322,145,323,0.449,0.467,111,138,0.804,84,336,420,163,78,57,121,234,758,
Monta Ellis,0.375,0.243988684583,0.598958333333,0.777727682597,2015-2016,IND,45,SG,30,81,81,2734,436,1021,0.427,87,282,0.309,349,739,0.472,0.47,162,206,0.786,42,229,271,383,150,37,203,174,1121,
Norris Cole,-1,-1,-1,1.24436429216,2015-2016,NOP,30,PG,27,45,23,1198,196,484,0.405,33,102,0.324,163,382,0.427,0.439,52,65,0.8,10,141,151,167,37,5,75,102,477,
Omri Casspi,-1,0.780763790665,1.91666666667,0.248872858431,2015-2016,SAC,33,SF,27,69,21,1880,299,622,0.481,112,274,0.409,187,348,0.537,0.571,103,159,0.648,58,352,410,95,56,17,94,154,813,
Otto Porter,-1,1.56152758133,-1,0.248872858431,2015-2016,WAS,41,SF,22,75,73,2276,339,717,0.473,98,267,0.367,241,450,0.536,0.541,95,126,0.754,97,294,391,120,105,32,70,163,871,
Paul George,0.3,0.195190947666,-1,0.995491433724,2015-2016,IND,45,SF,25,81,81,2819,605,1448,0.418,210,565,0.372,395,883,0.447,0.49,454,528,0.86,79,484,563,329,152,29,265,230,1874,
Paul Pierce,0.7,0.455445544554,-1,0.663660955816,2015-2016,LAC,53,SF,38,68,38,1231,144,397,0.363,75,242,0.31,69,155,0.445,0.457,54,66,0.818,12,174,186,71,33,17,58,129,417,
Rajon Rondo,0.166666666667,0.542197076851,-1,0.82957619477,2015-2016,SAC,33,PG,29,72,72,2537,355,782,0.454,62,170,0.365,293,612,0.479,0.494,87,150,0.58,77,358,435,839,141,10,278,175,859,
Ricky Rubio,1.71428571429,0.557688421903,-1,0.177766327451,2015-2016,MIN,29,PG,25,76,76,2323,219,586,0.374,62,190,0.326,157,396,0.396,0.427,266,314,0.847,40,286,326,658,162,10,193,201,766,
Robin Lopez,0.6,-1,-1,0.995491433724,2015-2016,NYK,32,C,27,82,82,2219,357,662,0.539,0,1,0,357,661,0.54,0.539,128,161,0.795,268,334,602,114,16,129,133,182,842,
Rodney Hood,-1,1.95190947666,-1,-1,2015-2016,UTA,40,SG,23,79,79,2541,408,972,0.42,161,449,0.359,247,523,0.472,0.503,172,200,0.86,38,229,267,213,73,16,125,202,1149,
Roy Hibbert,-1,0.487977369165,-1,0.933273219116,2015-2016,LAL,17,C,29,81,81,1878,182,411,0.443,0,2,0,182,409,0.445,0.443,117,145,0.807,132,266,398,95,32,110,76,252,481,
Rudy Gobert,-1,-1,4.79166666667,-1,2015-2016,UTA,40,C,23,61,60,1932,198,354,0.559,0,0,,198,354,0.559,0.559,161,283,0.569,208,460,668,91,45,135,114,163,557,
Serge Ibaka,1.5,-1,2.39583333333,-1,2015-2016,OKC,55,PF,26,78,78,2500,416,869,0.479,60,184,0.326,356,685,0.52,0.513,91,121,0.752,141,392,533,66,38,148,108,211,983,
Tony Parker,1.02272727273,0.487977369165,0.326704545455,0.424215099598,2015-2016,SAS,67,PG,33,72,72,1980,350,710,0.493,27,65,0.415,323,645,0.501,0.512,130,171,0.76,17,159,176,379,54,11,131,114,857,
Will Barton,-1,-1,4.79166666667,-1,2015-2016,DEN,33,SG,25,82,1,2353,425,983,0.432,112,325,0.345,313,658,0.476,0.489,216,268,0.806,59,417,476,203,71,39,139,147,1178,
Zach LaVine,-1,-1,-1,1.24436429216,2015-2016,MIN,29,SG,20,82,33,2294,433,959,0.452,123,316,0.389,310,643,0.482,0.516,161,203,0.793,27,201,228,251,69,17,155,193,1150,
Aaron Gordon,2.5,0.32531824611,-1,-1,2015-2016,ORL,35,PF,20,78,37,1863,274,579,0.473,42,142,0.296,232,437,0.531,0.509,129,193,0.668,154,353,507,128,59,55,66,153,719,
Al Jefferson,-1,-1,-1,1.24436429216,2015-2016,CHO,48,C,31,47,18,1096,245,505,0.485,0,0,,245,505,0.485,0.485,72,111,0.649,57,244,301,70,30,41,34,117,562,
Allen Crabbe,-1,-1,-1,1.24436429216,2015-2016,POR,44,SG,23,81,8,2105,311,678,0.459,112,285,0.393,199,393,0.506,0.541,98,113,0.867,27,189,216,99,63,16,64,192,832,
Amir Johnson,-1,-1,-1,1.24436429216,2015-2016,BOS,48,PF,28,79,76,1800,249,426,0.585,10,43,0.233,239,383,0.624,0.596,69,121,0.57,178,327,505,138,52,83,94,214,577,
Andrew Bogut,1.8,0.780763790665,-1,-1,2015-2016,GSW,73,C,31,70,66,1451,175,279,0.627,1,1,1,174,278,0.626,0.629,24,50,0.48,121,371,492,162,32,114,83,221,375,
Ben McLemore,-1,1.95190947666,-1,-1,2015-2016,SAC,33,SG,22,68,53,1443,195,455,0.429,67,185,0.362,128,270,0.474,0.502,74,103,0.718,34,114,148,79,52,10,99,140,531,
Bradley Beal,1.0,0.32531824611,0.798611111111,0.414788097385,2015-2016,WAS,41,SG,22,55,35,1708,359,799,0.449,105,271,0.387,254,528,0.481,0.515,135,176,0.767,41,147,188,162,54,11,112,117,958,
Brandon Bass,-1,-1,-1,1.24436429216,2015-2016,LAL,17,PF,30,66,0,1342,174,317,0.549,0,2,0,174,315,0.552,0.549,125,148,0.845,104,181,285,74,33,55,42,125,473,
Brandon Rush,0.857142857143,1.39422105476,-1,-1,2015-2016,GSW,73,SG,30,72,25,1055,111,260,0.427,65,157,0.414,46,103,0.447,0.552,18,28,0.643,21,160,181,57,20,23,33,57,305,
Corey Brewer,-1,1.95190947666,-1,-1,2015-2016,HOU,41,SF,29,82,12,1669,212,552,0.384,61,224,0.272,151,328,0.46,0.439,105,140,0.75,42,157,199,109,84,19,78,168,590,
Courtney Lee,-1,0.975954738331,-1,0.622182146078,2015-2016,MEM,42,SG,30,51,37,1489,192,419,0.458,51,138,0.37,141,281,0.502,0.519,76,92,0.826,19,99,118,76,53,16,49,79,511,
Derrick Rose,1.0,0.35489263212,1.01641414141,0.339372079679,2015-2016,CHI,42,PG,27,66,66,2097,447,1048,0.427,44,150,0.293,403,898,0.449,0.448,142,179,0.793,46,179,225,311,44,14,175,84,1080,
Devin Harris,-1,-1,0.684523809524,1.0665979647,2015-2016,DAL,42,PG,32,64,0,1280,167,374,0.447,52,158,0.329,115,216,0.532,0.516,101,140,0.721,18,120,138,118,60,13,66,124,487,
Gerald Green,0.428571428571,-1,-1,1.0665979647,2015-2016,MIA,48,SG,30,69,14,1557,230,587,0.392,84,260,0.323,146,327,0.446,0.463,72,92,0.783,25,138,163,56,38,19,46,123,616,
Gorgui Dieng,0.6,0.390381895332,-1,0.746618575293,2015-2016,MIN,29,C,26,82,39,2220,308,579,0.532,6,20,0.3,302,559,0.54,0.537,205,248,0.827,157,428,585,143,94,96,140,219,827,
James Harden,1.26315789474,0.102732077719,1.00877192982,0.392957144891,2015-2016,HOU,41,SG,26,82,82,3125,710,1617,0.439,236,657,0.359,474,960,0.494,0.512,720,837,0.86,63,438,501,612,139,51,374,229,2376,
Jerami Grant,-1,-1,-1,1.24436429216,2015-2016,PHI,10,SF,21,77,52,2066,251,599,0.419,35,146,0.24,216,453,0.477,0.448,212,322,0.658,99,262,361,135,54,127,110,215,749,
Jrue Holiday,-1,-1,-1,1.24436429216,2015-2016,NOP,30,PG,25,65,23,1831,410,935,0.439,87,259,0.336,323,676,0.478,0.485,182,216,0.843,27,168,195,391,88,22,167,148,1089,
Kelly Olynyk,3.0,-1,-1,-1,2015-2016,BOS,48,C,24,69,8,1395,253,556,0.455,85,210,0.405,168,346,0.486,0.531,96,128,0.75,72,209,281,105,52,33,74,163,687,
Kemba Walker,1.2,0.585572842999,0.479166666667,0.248872858431,2015-2016,CHO,48,PG,25,81,81,2885,568,1331,0.427,182,490,0.371,386,841,0.459,0.495,371,438,0.847,56,301,357,421,127,39,171,111,1689,
Kevin Durant,2.1,-1,0.958333333333,0.124436429216,2015-2016,OKC,55,SF,27,72,72,2578,698,1381,0.505,186,480,0.388,512,901,0.568,0.573,447,498,0.898,45,544,589,361,69,85,250,137,2029,
Kosta Koufos,2.0,0.162659123055,0.399305555556,0.207394048693,2015-2016,SAC,33,C,26,78,14,1482,236,444,0.532,0,0,,236,444,0.532,0.532,57,104,0.548,169,254,423,33,40,70,48,185,529,
Kyrie Irving,2.34782608696,0.0848656294201,0.208333333333,0.162308385933,2015-2016,CLE,57,PG,23,53,53,1667,394,879,0.448,84,261,0.322,310,618,0.502,0.496,169,191,0.885,44,113,157,249,56,18,124,107,1041,
Lance Thomas,-1,1.21994342291,-1,0.466636609558,2015-2016,NYK,32,PF,27,59,5,1313,169,382,0.442,44,109,0.404,125,273,0.458,0.5,102,119,0.857,34,97,131,53,22,7,57,109,484,
LeBron James,1.06730769231,0.22522032423,0.506810897436,0.526461815912,2015-2016,CLE,57,SF,31,76,76,2709,737,1416,0.52,87,282,0.309,650,1134,0.573,0.551,359,491,0.731,111,454,565,514,104,49,249,143,1920,
Lou Williams,-1,-1,3.19444444444,0.414788097385,2015-2016,LAL,17,SG,29,67,35,1907,283,693,0.408,110,320,0.344,173,373,0.464,0.488,352,424,0.83,31,138,169,167,62,19,107,107,1028,
Marcus Smart,-1,-1,-1,1.24436429216,2015-2016,BOS,48,PG,21,61,10,1667,184,529,0.348,61,241,0.253,123,288,0.427,0.405,129,166,0.777,76,179,255,185,91,18,80,183,558,
Nerlens Noel,-1,1.95190947666,-1,-1,2015-2016,PHI,10,C,21,67,62,1965,306,587,0.521,1,2,0.5,305,585,0.521,0.522,134,227,0.59,154,388,542,122,118,100,158,192,747,
Nik Stauskas,0.384615384615,0.600587531281,0.491452991453,0.574321980995,2015-2016,PHI,10,SG,22,73,35,1809,210,545,0.385,106,325,0.326,104,220,0.473,0.483,91,118,0.771,23,160,183,138,44,20,94,115,617,
Paul Millsap,-1,-1,2.39583333333,0.622182146078,2015-2016,ATL,48,PF,30,81,81,2647,501,1066,0.47,74,232,0.319,427,834,0.512,0.505,309,408,0.757,198,534,732,265,147,139,191,237,1385,
Ronnie Price,-1,-1,-1,1.24436429216,2015-2016,PHO,23,PG,32,62,18,1211,116,302,0.384,68,196,0.347,48,106,0.453,0.497,31,41,0.756,25,74,99,147,74,13,70,161,331,
Shane Larkin,-1,0.975954738331,-1,0.622182146078,2015-2016,BRK,21,PG,23,78,17,1751,222,502,0.442,39,108,0.361,183,394,0.464,0.481,83,107,0.776,28,152,180,342,95,12,146,121,566,
Steven Adams,-1,0.975954738331,-1,0.622182146078,2015-2016,OKC,55,C,22,80,80,2014,261,426,0.613,0,0,,261,426,0.613,0.613,114,196,0.582,219,314,533,62,42,89,84,223,636,
Trevor Ariza,-1,1.95190947666,-1,-1,2015-2016,HOU,41,SF,30,81,81,2859,357,859,0.416,185,499,0.371,172,360,0.478,0.523,126,161,0.783,67,299,366,188,160,26,113,177,1025,
Vince Carter,-1,-1,0.435606060606,1.1312402656,2015-2016,MEM,42,SG,39,60,3,1005,133,343,0.388,59,169,0.349,74,174,0.425,0.474,70,84,0.833,31,115,146,56,38,16,35,101,395,
Arron Afflalo,-1,-1,4.79166666667,-1,2015-2016,NYK,32,SG,30,71,57,2371,354,799,0.443,91,238,0.382,263,561,0.469,0.5,110,131,0.84,23,243,266,144,25,10,82,142,909,
Austin Rivers,1.5,0.487977369165,-1,0.311091073039,2015-2016,LAC,53,SG,23,67,7,1464,226,516,0.438,62,185,0.335,164,331,0.495,0.498,79,116,0.681,22,108,130,99,48,9,61,137,593,
Avery Bradley,-1,0.487977369165,-1,0.933273219116,2015-2016,BOS,48,SG,25,76,72,2536,456,1019,0.447,147,407,0.361,309,612,0.505,0.52,96,123,0.78,48,172,220,158,117,19,109,164,1155,
DeMar DeRozan,0.666666666667,0.21687883074,-1,0.82957619477,2015-2016,TOR,56,SG,26,78,78,2804,614,1377,0.446,47,139,0.338,567,1238,0.458,0.463,555,653,0.85,64,285,349,315,81,21,175,167,1830,
Dirk Nowitzki,0.956043956044,0.193045992197,0.263278388278,0.65636797828,2015-2016,DAL,42,PF,37,75,75,2364,498,1112,0.448,126,342,0.368,372,770,0.483,0.504,250,280,0.893,52,437,489,132,52,52,84,161,1372,
Dwight Howard,0.75,0.162659123055,0.598958333333,0.674030658251,2015-2016,HOU,41,C,30,71,71,2280,372,600,0.62,0,6,0,372,594,0.626,0.62,232,474,0.489,238,597,835,98,69,113,166,219,976,
Evan Fournier,1.2,-1,1.91666666667,0.248872858431,2015-2016,ORL,35,SF,23,79,71,2566,429,929,0.462,156,390,0.4,273,539,0.506,0.546,199,238,0.836,33,192,225,213,96,2,133,214,1213,
Iman Shumpert,1.5,-1,2.39583333333,-1,2015-2016,CLE,57,SG,25,54,5,1316,114,305,0.374,43,146,0.295,71,159,0.447,0.444,40,51,0.784,32,171,203,92,54,19,57,119,311,
Isaiah Canaan,1.0,0.975954738331,-1,0.207394048693,2015-2016,PHI,10,SG,24,77,39,1966,260,722,0.36,176,485,0.363,84,237,0.354,0.482,150,180,0.833,20,154,174,137,56,12,91,133,846,
Jabari Parker,0.705882352941,0.746318329312,0.986519607843,0.219593698616,2015-2016,MIL,33,PF,20,76,72,2408,443,899,0.493,9,35,0.257,434,864,0.502,0.498,175,228,0.768,123,272,395,130,69,29,116,154,1070,
Jonas Jerebko,-1,1.95190947666,-1,-1,2015-2016,BOS,48,PF,28,78,0,1176,118,286,0.413,43,108,0.398,75,178,0.421,0.488,61,78,0.782,77,211,288,62,20,24,52,137,340,
Julius Randle,1.5,0.487977369165,-1,0.311091073039,2015-2016,LAL,17,PF,21,81,60,2286,358,835,0.429,10,36,0.278,348,799,0.436,0.435,193,270,0.715,172,657,829,144,53,29,149,242,919,
Kawhi Leonard,1.76470588235,0.344454613529,0.281862745098,0.219593698616,2015-2016,SAS,67,SF,24,72,72,2380,551,1090,0.506,129,291,0.443,422,799,0.528,0.565,292,334,0.874,95,398,493,186,128,71,105,133,1523,
Kent Bazemore,-1,0.975954738331,2.39583333333,-1,2015-2016,ATL,48,SF,26,75,68,2083,320,725,0.441,109,305,0.357,211,420,0.502,0.517,123,151,0.815,28,351,379,171,98,38,138,176,872,
Klay Thompson,0.214285714286,0.975954738331,0.684523809524,0.355532654901,2015-2016,GSW,73,SG,25,80,80,2666,651,1386,0.47,276,650,0.425,375,736,0.51,0.569,193,221,0.873,35,271,306,166,60,49,138,152,1771,
Marcin Gortat,-1,0.557688421903,-1,0.888831637254,2015-2016,WAS,41,C,31,75,74,2256,433,764,0.567,0,1,0,433,763,0.567,0.567,146,207,0.705,222,519,741,106,47,96,121,193,1012,
Mason Plumlee,-1,0.731966053748,-1,0.777727682597,2015-2016,POR,44,C,25,82,82,2084,267,517,0.516,0,4,0,267,513,0.52,0.516,215,335,0.642,201,427,628,226,68,85,154,253,749,
Nicolas Batum,2.1,-1,0.479166666667,0.248872858431,2015-2016,CHO,48,SF,27,70,70,2448,372,873,0.426,139,399,0.348,233,474,0.492,0.506,163,192,0.849,55,373,428,403,65,43,205,114,1046,
Spencer Hawes,1.5,0.975954738331,-1,-1,2015-2016,CHO,48,PF,27,57,6,1035,124,306,0.405,38,102,0.373,86,204,0.422,0.467,54,65,0.831,51,193,244,109,22,27,58,111,340,
Stephen Curry,0.658536585366,0.38086038569,0.233739837398,0.667707668961,2015-2016,GSW,73,PG,27,79,79,2700,805,1598,0.504,402,886,0.454,403,712,0.566,0.63,363,400,0.908,68,362,430,527,169,15,262,161,2375,
Terrence Ross,-1,-1,-1,1.24436429216,2015-2016,TOR,56,SF,24,73,7,1747,270,626,0.431,131,339,0.386,139,287,0.484,0.536,49,62,0.79,21,164,185,56,54,25,46,120,720,
Tobias Harris,-1,-1,-1,1.24436429216,2015-2016,ORL,35,PF,23,49,49,1610,251,541,0.464,47,151,0.311,204,390,0.523,0.507,120,153,0.784,72,271,343,99,47,28,78,91,669,
Toney Douglas,-1,0.975954738331,-1,0.622182146078,2015-2016,NOP,30,PG,29,61,18,1262,183,445,0.411,81,203,0.399,102,242,0.421,0.502,84,99,0.848,25,118,143,157,70,5,64,131,531,
Trevor Booker,-1,-1,-1,1.24436429216,2015-2016,UTA,40,PF,28,79,2,1632,190,388,0.49,12,41,0.293,178,347,0.513,0.505,71,106,0.67,166,286,452,84,59,41,81,169,463,
Zach Randolph,0.5,0.487977369165,0.399305555556,0.622182146078,2015-2016,MEM,42,PF,34,68,53,2016,431,907,0.475,6,26,0.231,425,881,0.482,0.479,172,216,0.796,179,350,529,142,43,13,105,146,1040,
Andre Drummond,0.75,0.162659123055,0.798611111111,0.622182146078,2015-2016,DET,44,C,22,81,81,2665,552,1060,0.521,2,6,0.333,550,1054,0.522,0.522,208,586,0.355,395,803,1198,67,119,112,155,245,1314,
Andre Iguodala,1.90909090909,0.17744631606,0.653409090909,0.169686039839,2015-2016,GSW,73,SF,32,65,1,1732,176,368,0.478,54,154,0.351,122,214,0.57,0.552,51,83,0.614,52,211,263,219,73,19,79,102,457,
Andrew Wiggins,0.642857142857,0.557688421903,1.36904761905,0.266649491176,2015-2016,MIN,29,SF,20,81,81,2845,594,1294,0.459,57,190,0.3,537,1104,0.486,0.481,430,565,0.761,107,186,293,164,78,46,182,165,1675,
Damian Lillard,0.857142857143,0.278844210952,1.36904761905,0.355532654901,2015-2016,POR,44,PG,25,75,75,2676,618,1474,0.419,229,610,0.375,389,864,0.45,0.497,414,464,0.892,45,257,302,512,65,28,242,165,1879,
Darrell Arthur,0.75,0.975954738331,-1,0.311091073039,2015-2016,DEN,33,PF,27,70,16,1516,221,489,0.452,45,117,0.385,176,372,0.473,0.498,40,53,0.755,86,207,293,96,53,48,66,185,527,
DeAndre Jordan,-1,-1,-1,1.24436429216,2015-2016,LAC,53,C,27,77,77,2598,357,508,0.703,0,1,0,357,507,0.704,0.703,266,619,0.43,267,792,1059,90,51,177,107,207,980,
Deron Williams,0.15,0.292786421499,0.479166666667,0.871055004509,2015-2016,DAL,42,PG,31,65,63,2106,321,775,0.414,97,282,0.344,224,493,0.454,0.477,179,206,0.869,19,171,190,378,61,14,150,155,918,
Derrick Favors,2.33333333333,0.43375766148,-1,-1,2015-2016,UTA,40,PF,24,62,59,1983,418,811,0.515,0,4,0,418,807,0.518,0.515,180,254,0.709,169,334,503,94,74,91,104,150,1016,
Doug McDermott,0.6,-1,0.958333333333,0.746618575293,2015-2016,CHI,42,SF,24,81,4,1861,291,644,0.452,110,259,0.425,181,385,0.47,0.537,72,84,0.857,37,158,195,59,14,6,53,127,764,
Draymond Green,-1,1.13861386139,0.798611111111,0.311091073039,2015-2016,GSW,73,PF,25,81,81,2808,401,819,0.49,100,258,0.388,301,561,0.537,0.551,229,329,0.696,134,635,769,598,120,113,259,240,1131,
Garrett Temple,-1,0.975954738331,-1,0.622182146078,2015-2016,WAS,41,SF,29,80,43,1951,201,505,0.398,89,258,0.345,112,247,0.453,0.486,91,125,0.728,36,176,212,140,69,18,64,195,582,
Gordon Hayward,0.272727272727,0.709785264241,0.435606060606,0.565620132798,2015-2016,UTA,40,SF,25,80,80,2893,521,1202,0.433,143,410,0.349,378,792,0.477,0.493,393,477,0.824,61,336,397,296,95,27,202,183,1578,
JaMychal Green,1.0,-1,-1,0.82957619477,2015-2016,MEM,42,PF,25,78,15,1446,230,495,0.465,15,45,0.333,215,450,0.478,0.48,103,137,0.752,139,234,373,67,46,33,83,189,578,
Jamal Crawford,-1,-1,1.91666666667,0.746618575293,2015-2016,LAC,53,SG,35,79,5,2126,379,939,0.404,117,344,0.34,262,595,0.44,0.466,245,271,0.904,20,125,145,183,52,12,113,122,1120,
Jerryd Bayless,1.5,-1,1.19791666667,0.311091073039,2015-2016,MIL,33,SG,27,52,18,1505,185,437,0.423,101,231,0.437,84,206,0.408,0.539,70,90,0.778,21,120,141,163,47,11,73,111,541,
Kenneth Faried,1.66666666667,0.21687883074,-1,0.414788097385,2015-2016,DEN,33,PF,26,67,64,1694,349,626,0.558,1,2,0.5,348,624,0.558,0.558,136,222,0.613,235,346,581,79,32,60,91,169,835,
Mario Chalmers,0.428571428571,1.39422105476,-1,0.177766327451,2015-2016,MEM,42,PG,29,55,7,1253,172,412,0.417,45,138,0.326,127,274,0.464,0.472,206,249,0.827,23,120,143,211,80,12,102,165,595,
Meyers Leonard,-1,1.30127298444,-1,0.414788097385,2015-2016,POR,44,PF,23,61,10,1333,195,435,0.448,86,228,0.377,109,207,0.527,0.547,35,46,0.761,51,263,314,92,8,18,77,183,511,
Ramon Sessions,-1,-1,-1,1.24436429216,2015-2016,WAS,41,PG,29,82,5,1667,280,592,0.473,36,111,0.324,244,481,0.507,0.503,214,283,0.756,25,178,203,239,46,5,115,102,810,
Raymond Felton,0.375,0.487977369165,0.598958333333,0.622182146078,2015-2016,DAL,42,PG,31,80,31,2192,277,682,0.406,60,213,0.282,217,469,0.463,0.45,149,176,0.847,36,222,258,284,68,15,121,141,763,
Reggie Jackson,0.807692307692,0.0750734414101,0.552884615385,0.717902476243,2015-2016,DET,44,PG,25,79,79,2424,540,1244,0.434,118,334,0.353,422,910,0.464,0.482,291,337,0.864,58,195,253,492,59,11,223,187,1489,
Rodney Stuckey,-1,-1,-1,1.24436429216,2015-2016,IND,45,PG,29,58,1,1275,183,443,0.413,20,83,0.241,163,360,0.453,0.436,131,158,0.829,19,137,156,142,43,8,76,77,517,
Terrence Jones,-1,0.650636492221,-1,0.82957619477,2015-2016,HOU,41,PF,24,50,11,1044,166,367,0.452,25,79,0.316,141,288,0.49,0.486,77,116,0.664,62,149,211,41,23,39,49,86,434,
Thaddeus Young,3.0,-1,-1,-1,2015-2016,BRK,21,PF,27,73,73,2407,495,963,0.514,7,30,0.233,488,933,0.523,0.518,105,163,0.644,176,484,660,135,112,37,136,182,1102,
Timofey Mozgov,-1,-1,-1,1.24436429216,2015-2016,CLE,57,C,29,76,48,1326,203,359,0.565,1,7,0.143,202,352,0.574,0.567,68,95,0.716,110,227,337,33,22,57,71,159,475,
Tyson Chandler,-1,0.750734414101,0.737179487179,0.574321980995,2015-2016,PHO,23,C,33,66,60,1618,183,314,0.583,0,1,0,183,313,0.585,0.583,106,171,0.62,175,401,576,64,36,44,93,145,472,
Victor Oladipo,-1,0.278844210952,0.684523809524,0.888831637254,2015-2016,ORL,35,SG,23,72,52,2379,425,970,0.438,98,282,0.348,327,688,0.475,0.489,205,247,0.83,48,297,345,282,116,54,153,174,1153,
Al-Farouq Aminu,-1,1.95190947666,-1,-1,2015-2016,POR,44,SF,25,82,82,2341,299,719,0.416,126,349,0.361,173,370,0.468,0.503,115,156,0.737,98,401,499,138,72,53,120,171,839,
Bismack Biyombo,3.0,-1,-1,-1,2015-2016,TOR,56,C,23,82,22,1808,156,288,0.542,0,1,0,156,287,0.544,0.542,142,226,0.628,182,473,655,29,19,133,71,225,454,
Carmelo Anthony,0.5,0.0929480703172,0.570436507937,0.82957619477,2015-2016,NYK,32,SF,31,72,72,2530,567,1307,0.434,105,310,0.339,462,997,0.463,0.474,334,403,0.829,98,458,556,299,62,38,176,180,1573,
Darren Collison,1.8,-1,0.958333333333,0.248872858431,2015-2016,SAC,33,PG,28,74,15,2219,377,776,0.486,87,217,0.401,290,559,0.519,0.542,194,226,0.858,28,141,169,318,76,4,130,142,1035,
Harrison Barnes,1.5,0.585572842999,-1,0.248872858431,2015-2016,GSW,73,SF,23,66,59,2042,295,633,0.466,82,214,0.383,213,419,0.508,0.531,102,134,0.761,77,248,325,117,41,10,57,136,774,
Hollis Thompson,-1,1.95190947666,-1,-1,2015-2016,PHI,10,SG,24,77,17,2154,270,680,0.397,149,392,0.38,121,288,0.42,0.507,69,96,0.719,54,218,272,99,36,24,76,187,758,
Jared Sullinger,2.4,-1,-1,0.248872858431,2015-2016,BOS,48,PF,23,81,73,1915,351,806,0.435,29,103,0.282,322,703,0.458,0.453,103,161,0.64,194,479,673,187,75,47,102,209,834,
Jordan Clarkson,1.0,1.30127298444,-1,-1,2015-2016,LAL,17,SG,23,79,79,2552,475,1098,0.433,111,320,0.347,364,778,0.468,0.483,164,204,0.804,93,220,313,192,88,7,135,168,1225,
Khris Middleton,-1,0.975954738331,2.39583333333,-1,2015-2016,MIL,33,SG,24,79,79,2852,507,1142,0.444,143,361,0.396,364,781,0.466,0.507,277,312,0.888,44,258,302,331,131,19,180,204,1434,
Leandro Barbosa,-1,0.487977369165,-1,0.933273219116,2015-2016,GSW,73,SG,33,68,0,1079,171,370,0.462,39,110,0.355,132,260,0.508,0.515,52,62,0.839,28,89,117,82,44,10,53,107,433,
Marco Belinelli,1.2,0.780763790665,-1,0.248872858431,2015-2016,SAC,33,SG,29,68,7,1672,245,635,0.386,91,297,0.306,154,338,0.456,0.457,115,138,0.833,10,107,117,127,37,2,80,91,696,
Marvin Williams,-1,1.95190947666,-1,-1,2015-2016,CHO,48,PF,29,81,81,2338,338,747,0.452,152,378,0.402,186,369,0.504,0.554,120,144,0.833,127,394,521,110,58,77,62,133,948,
Tayshaun Prince,0.857142857143,0.836532632855,0.684523809524,0.177766327451,2015-2016,MIN,29,SF,35,77,44,1462,102,229,0.445,4,23,0.174,98,206,0.476,0.454,13,19,0.684,32,115,147,73,36,13,27,62,221,
Thabo Sefolosha,-1,-1,-1,1.24436429216,2015-2016,ATL,48,SF,31,75,11,1758,188,372,0.505,42,124,0.339,146,248,0.589,0.562,62,99,0.626,52,282,334,107,85,37,68,109,480,
Wayne Ellington,-1,-1,-1,1.24436429216,2015-2016,BRK,21,SG,28,76,41,1615,218,561,0.389,96,268,0.358,122,293,0.416,0.474,54,63,0.857,20,154,174,83,48,5,45,82,586,
Wesley Matthews,-1,-1,-1,1.24436429216,2015-2016,DAL,42,SG,29,78,78,2644,331,854,0.388,189,525,0.36,142,329,0.432,0.498,126,146,0.863,27,211,238,151,78,17,78,179,977,
Anthony Tolliver,-1,0.975954738331,2.39583333333,-1,2015-2016,DET,44,PF,30,72,5,1341,128,332,0.386,98,272,0.36,30,60,0.5,0.533,29,47,0.617,39,190,229,52,26,16,28,86,383,
Chandler Parsons,-1,1.171145686,-1,0.497745716862,2015-2016,DAL,42,SF,27,61,51,1799,320,651,0.492,104,250,0.416,216,401,0.539,0.571,93,136,0.684,29,256,285,169,46,21,95,114,837,
Danilo Gallinari,1.125,0.731966053748,0.598958333333,0.155545536519,2015-2016,DEN,33,SF,27,53,53,1839,287,700,0.41,87,239,0.364,200,461,0.434,0.472,375,432,0.868,51,230,281,135,42,19,77,87,1036,
Dante Cunningham,-1,-1,2.39583333333,0.622182146078,2015-2016,NOP,30,SF,28,80,46,1971,186,412,0.451,55,174,0.316,131,238,0.55,0.518,57,82,0.695,57,179,236,77,42,33,41,173,484,
DeMarcus Cousins,-1,0.390381895332,0.958333333333,0.746618575293,2015-2016,SAC,33,C,25,65,65,2246,601,1332,0.451,70,210,0.333,531,1122,0.473,0.477,476,663,0.718,158,589,747,214,101,92,249,236,1748,
Hassan Whiteside,0.5,-1,0.798611111111,0.82957619477,2015-2016,MIA,48,C,26,73,43,2125,413,682,0.606,0,0,,413,682,0.606,0.606,214,329,0.65,238,627,865,30,44,269,137,201,1040,
Maurice Harkless,-1,-1,4.79166666667,-1,2015-2016,POR,44,SF,22,78,14,1457,195,411,0.474,39,140,0.279,156,271,0.576,0.522,69,111,0.622,101,179,280,67,49,35,62,124,498,
Patrick Beverley,2.4,-1,-1,0.248872858431,2015-2016,HOU,41,PG,27,71,63,2041,258,594,0.434,124,310,0.4,134,284,0.472,0.539,60,88,0.682,73,177,250,239,94,26,91,234,700,
Robert Covington,1.5,-1,-1,0.622182146078,2015-2016,PHI,10,SF,25,67,49,1903,274,712,0.385,170,482,0.353,104,230,0.452,0.504,140,177,0.791,65,354,419,97,105,40,143,232,858,
Shabazz Muhammad,1.90909090909,-1,0.435606060606,0.339372079679,2015-2016,MIN,29,SF,23,82,0,1682,317,681,0.465,44,152,0.289,273,529,0.516,0.498,185,242,0.764,100,167,267,52,24,7,70,94,863,
Shaun Livingston,0.6,0.390381895332,-1,0.746618575293,2015-2016,GSW,73,PG,30,78,3,1520,203,379,0.536,2,12,0.167,201,367,0.548,0.538,80,93,0.86,42,127,169,237,57,27,78,140,488,
Tristan Thompson,0.333333333333,-1,0.532407407407,0.967838893898,2015-2016,CLE,57,PF,24,82,34,2269,247,420,0.588,0,0,,247,420,0.588,0.588,149,242,0.616,268,470,738,62,38,51,61,202,643,
Joffrey Lauvergne,-1,-1,-1,1.24436429216,2015-2016,DEN,33,C,24,59,15,1041,195,380,0.513,13,53,0.245,182,327,0.557,0.53,62,69,0.899,77,213,290,56,13,15,54,115,465,
LaMarcus Aldridge,0.166666666667,-1,1.33101851852,0.82957619477,2015-2016,SAS,67,PF,30,74,74,2261,536,1045,0.513,0,16,0,536,1029,0.521,0.513,259,302,0.858,176,456,632,110,38,81,99,151,1331,
Langston Galloway,1.125,-1,-1,0.777727682597,2015-2016,NYK,32,PG,24,82,7,2033,231,588,0.393,77,224,0.344,154,364,0.423,0.458,86,114,0.754,43,245,288,207,77,22,61,177,625,
Richard Jefferson,-1,0.975954738331,-1,0.622182146078,2015-2016,CLE,57,SF,35,74,5,1326,143,312,0.458,66,173,0.382,77,139,0.554,0.564,58,87,0.667,15,113,128,59,33,14,43,129,410,
Russell Westbrook,1.07142857143,0.139422105476,-1,0.711065309803,2015-2016,OKC,55,PG,27,80,80,2749,656,1444,0.454,101,341,0.296,555,1103,0.503,0.489,465,573,0.812,145,481,626,834,163,20,342,200,1878,
Matthew Dellavedova,-1,-1,-1,1.24436429216,2015-2016,CLE,57,PG,25,76,14,1867,207,511,0.405,98,239,0.41,109,272,0.401,0.501,57,66,0.864,33,129,162,337,44,9,116,178,569,
Giannis Antetokounmpo,-1,-1,-1,1.24436429216,2015-2016,MIL,33,PG,21,80,79,2823,513,1013,0.506,28,109,0.257,485,904,0.537,0.52,296,409,0.724,113,499,612,345,94,113,208,258,1350,
Michael Carter-Williams,-1,0.390381895332,0.958333333333,0.746618575293,2015-2016,MIL,33,PG,24,54,37,1649,251,555,0.452,15,55,0.273,236,500,0.472,0.466,106,162,0.654,48,228,276,281,80,41,153,162,623,
